time_str,time_seconds,wban_id,name,state,county,knots,gust_knots,lat,lon,near_any_wind_reports,near_hurricane_or_tropical_storm
2003-06-04 02:14:00 UTC,1054692840,23034,SAN ANGELO MATHIS FIELD,TX,TOM GREEN,65,75,31.3514,-100.4939,false,false
2003-08-09 02:27:00 UTC,1060396020,24143,GREAT FALLS INTL AP,MT,CASCADE,39,72,47.4733,-111.3822,false,false
2003-08-22 01:51:00 UTC,1061517060,03945,COLUMBIA REGIONAL AP,MO,BOONE,42,70,38.8169,-92.2183,false,false
2004-05-23 22:47:00 UTC,1085352420,94847,DETROIT METROPOLITAN AP,MI,WAYNE,44,68,42.2313,-83.3308,false,false
2004-06-04 00:56:00 UTC,1086310560,24156,POCATELLO REGIONAL AP,ID,POWER,53,73,42.9203,-112.5711,false,false
2004-07-22 22:03:00 UTC,1090533780,23065,GOODLAND RENNER FIELD,KS,SHERMAN,47,66,39.3706,-101.6986,false,false
2004-08-02 04:50:00 UTC,1091422200,14936,HURON REGIONAL AP,SD,BEADLE,53,67,44.3981,-98.2231,false,false
2005-03-08 15:49:00 UTC,1110296940,13748,WILMINGTON INTL AP,NC,NEW HANOVER,49,77,34.2675,-77.8997,false,false
2005-05-24 19:19:00 UTC,1116962340,12854,ORLANDO SANFORD AP,FL,SEMINOLE,37,67,28.7797,-81.2436,false,false
2005-06-02 01:22:00 UTC,1117675320,94055,BAKER MUNICIPAL AIRPOPRT,MT,FALLON,48,75,46.3583,-104.25,false,false
2005-06-19 06:23:00 UTC,1119162180,24012,DICKINSON MUNICIPAL AP,ND,STARK,55,73,46.7994,-102.7972,false,false
2005-06-20 08:45:00 UTC,1119257100,24037,MILES CITY F WILEY FIELD,MT,CUSTER,49,71,46.4267,-105.8825,false,false
2005-07-01 04:20:00 UTC,1120191600,13981,CHANUTE MARTIN JOHNSON AIRPORT,KS,NEOSHO,48,69,37.6703,-95.4842,false,false
2005-07-03 01:17:00 UTC,1120353420,94037,BUFFALO (ASOS),SD,HARDING,54,75,45.6043,-103.547,false,false
2005-07-10 02:40:00 UTC,1120963200,53915,NEW IBERIA ACADIANA REGIONAL AP,LA,IBERIA,12,88,30.0375,-91.8839,false,false
2005-07-21 01:44:00 UTC,1121910240,24032,VALENTINE MILLER FIELD,NE,CHERRY,52,69,42.8783,-100.55,false,false
2005-07-23 23:11:00 UTC,1122160260,13964,FORT SMITH REGIONAL AP,AR,SEBASTIAN,44,69,35.3331,-94.3625,false,false
2005-07-26 20:56:00 UTC,1122411360,04853,CLEVELAND BURKE LAKEFRONT AP,OH,CUYAHOGA,52,65,41.5175,-81.6836,false,false
2005-08-25 22:33:00 UTC,1125009180,24030,SIDNEY MUNICIPAL AP,NE,CHEYENNE,32,69,41.1014,-102.9847,false,false
2006-04-03 02:51:00 UTC,1144032660,93814,CINCINNATI NORTHERN KY AP,KY,BOONE,33,66,39.0447,-84.6733,false,false
2006-04-15 02:02:00 UTC,1145066520,93819,INDIANAPOLIS INTL AP,IN,MARION,40,74,39.7252,-86.2817,false,false
2006-05-05 21:40:00 UTC,1146865200,23009,ROSWELL INDUSTRIAL AIR PARK,NM,CHAVES,33,78,33.3072,-104.5086,false,false
2006-05-19 23:14:00 UTC,1148080440,24127,SALT LAKE CITY INTL AP,UT,SALT LAKE,51,65,40.7781,-111.9694,false,false
2006-05-24 01:20:00 UTC,1148433600,93997,RUSSELL MUNICIPAL AP,KS,RUSSELL,46,68,38.8761,-98.8092,false,false
2006-05-30 10:54:00 UTC,1148986440,14938,KIRKSVILLE REGIONAL AP,MO,ADAIR,107,119,40.0972,-92.5433,false,false
2006-05-31 01:46:00 UTC,1149039960,23007,CHILDRESS MUNICIPAL AP,TX,CHILDRESS,51,66,34.4272,-100.2831,false,false
2006-06-05 00:09:00 UTC,1149466140,94012,HAVRE CITY COUNTY AP,MT,HILL,33,66,48.5428,-109.7633,false,false
2006-06-14 22:39:00 UTC,1150324740,24037,MILES CITY F WILEY FIELD,MT,CUSTER,59,71,46.4267,-105.8825,false,false
2006-07-19 00:09:00 UTC,1153267740,24089,CASPER NATRONA COUNTY INTL AP,WY,NATRONA,35,115,42.8975,-106.4636,false,false
2006-07-26 22:20:00 UTC,1153952400,24030,SIDNEY MUNICIPAL AP,NE,CHEYENNE,38,66,41.1014,-102.9847,false,false
2006-12-19 16:37:00 UTC,1166546220,93042,DALHART MUNICIPAL AP,TX,HARTLEY,85,99,36.0167,-102.55,false,false
2006-12-20 03:51:00 UTC,1166586660,93042,DALHART MUNICIPAL AP,TX,HARTLEY,106,113,36.0167,-102.55,false,false
2007-04-22 01:40:00 UTC,1177206000,14946,WATERTOWN REGIONAL AP,SD,CODINGTON,40,66,44.9047,-97.1494,false,false
2007-05-04 20:22:00 UTC,1178310120,12958,NEW ORLEANS ALVIN CALLENDER FIELD,LA,JEFFERSON,72,119,29.8167,-90.0167,false,false
2007-05-05 14:35:00 UTC,1178375700,94978,TEKAMAH MUNICIPAL AP,NE,BURT,47,65,41.7636,-96.1778,true,false
2007-05-14 03:02:00 UTC,1179111720,24037,MILES CITY F WILEY FIELD,MT,CUSTER,55,67,46.4267,-105.8825,true,false
2007-05-14 04:15:00 UTC,1179116100,94055,BAKER MUNICIPAL AIRPOPRT,MT,FALLON,59,75,46.3583,-104.25,true,false
2007-05-14 04:36:00 UTC,1179117360,94037,BUFFALO (ASOS),SD,HARDING,49,67,45.6043,-103.547,true,false
2007-05-25 19:33:00 UTC,1180121580,23052,RATON MUNICIPAL CREWS FIELD AP,NM,COLFAX,20,69,36.7414,-104.5022,false,false
2007-06-11 23:13:00 UTC,1181603580,23055,PINE SPRINGS GUADALUPE MOUNTAINS NP,TX,CULBERSON,48,65,31.8327,-104.809,true,false
2007-06-12 10:24:00 UTC,1181643840,13878,BRUNSWICK MALCOLM MCKINNON AP,GA,GLYNN,22,76,31.1522,-81.3908,false,false
2007-06-18 07:38:00 UTC,1182152280,03991,DENTON MUNICPAL AP,TX,DENTON,42,68,33.2061,-97.1989,true,false
2007-06-20 07:09:00 UTC,1182323340,13966,WICHITA FALLS MUNICIPAL AP,TX,WICHITA,55,82,33.9786,-98.4928,true,false
2007-06-22 22:11:00 UTC,1182550260,14933,DES MOINES INTL AP,IA,POLK,43,65,41.5339,-93.6531,true,false
2007-06-22 22:12:00 UTC,1182550320,94040,MCCOOK MUNICIPAL AP,NE,RED WILLOW,22,77,40.2064,-100.5914,false,false
2007-06-27 05:19:00 UTC,1182921540,23023,MIDLAND INTERNATIONAL AP,TX,MIDLAND,57,81,31.9431,-102.1906,true,false
2007-07-08 00:50:00 UTC,1183855800,24033,BILLINGS LOGAN INTL AP,MT,YELLOWSTONE,39,74,45.8069,-108.5422,true,false
2007-07-14 19:49:00 UTC,1184442540,12958,NEW ORLEANS ALVIN CALLENDER FIELD,LA,JEFFERSON,20,67,29.8167,-90.0167,false,false
2007-07-17 21:54:00 UTC,1184709240,13883,COLUMBIA METROPOLITAN AP,SC,LEXINGTON,36,65,33.9456,-81.1219,true,false
2007-07-23 09:18:00 UTC,1185182280,94014,WILLISTON SLOULIN FIELD INTL AP,ND,WILLIAMS,32,65,48.1738,-103.6366,true,false
2007-07-27 00:31:00 UTC,1185496260,13866,CHARLESTON YEAGER AP,WV,KANAWHA,37,66,38.3794,-81.59,true,false
2007-08-02 04:21:00 UTC,1186028460,93997,RUSSELL MUNICIPAL AP,KS,RUSSELL,25,92,38.8761,-98.8092,false,false
2007-08-08 23:56:00 UTC,1186617360,04850,LIMA ALLEN COUNTY AP,OH,ALLEN,32,65,40.7083,-84.0267,true,false
2007-08-09 14:26:00 UTC,1186669560,13754,HAVELOCK CHERRY POINT MCAS,NC,CRAVEN,10,77,34.9,-76.8833,false,false
2007-08-11 06:25:00 UTC,1186813500,14910,ALEXANDRIA MUNICIPAL AP,MN,DOUGLAS,54,70,45.8686,-95.3942,true,false
2007-08-20 23:50:00 UTC,1187653800,14939,LINCOLN MUNICIPAL AP,NE,LANCASTER,54,71,40.8508,-96.7475,true,false
2007-08-25 21:54:00 UTC,1188078840,93738,WASHINGTON DC DULLES INTL AP,VA,LOUDOUN,34,112,38.9349,-77.4473,true,false
2007-09-02 07:26:00 UTC,1188717960,03145,YUMA MCAS,AZ,YUMA,48,73,32.65,-114.6167,true,false
2007-09-08 06:03:00 UTC,1189231380,94037,BUFFALO (ASOS),SD,HARDING,44,70,45.6043,-103.547,true,false
2007-09-14 17:10:00 UTC,1189789800,53862,PERRY FOLEY AP,FL,TAYLOR,21,73,30.0719,-83.5736,false,false
2007-09-26 22:00:00 UTC,1190844000,14771,SYRACUSE HANCOCK INTL AP,NY,ONONDAGA,30,92,43.1092,-76.1033,false,false
2007-12-09 12:18:00 UTC,1197202680,93953,MUSKOGEE DAVIS FIELD,OK,MUSKOGEE,79,84,35.6567,-95.3614,false,false
2007-12-10 04:42:00 UTC,1197261720,13967,OKLAHOMA CITY WILL ROGERS WORLD AP,OK,OKLAHOMA,12,78,35.3889,-97.6006,false,false
2007-12-10 17:40:00 UTC,1197308400,93953,MUSKOGEE DAVIS FIELD,OK,MUSKOGEE,59,123,35.6567,-95.3614,false,false
2008-03-19 22:31:00 UTC,1205965860,13866,CHARLESTON YEAGER AP,WV,KANAWHA,46,73,38.3794,-81.59,true,false
2008-03-28 04:07:00 UTC,1206677220,03935,CAPE GIRARDEAU MUNICIPAL AP,MO,SCOTT,33,69,37.2253,-89.5706,true,false
2008-04-04 19:13:00 UTC,1207336380,03866,MERIDIAN NAAS,MS,LAUDERDALE,51,75,32.55,-88.5667,true,false
2008-04-10 08:40:00 UTC,1207816800,03927,DALLAS FORT WORTH INTL AP,TX,TARRANT,46,65,32.8978,-97.0189,true,false
2008-05-16 09:05:00 UTC,1210928700,12904,HARLINGEN RIO GRANDE VALLEY INTL AP,TX,CAMERON,59,75,26.2281,-97.6542,true,false
2008-05-23 21:56:00 UTC,1211579760,23064,GARDEN CITY REGIONAL AP,KS,FINNEY,18,66,37.9272,-100.7247,false,false
2008-05-23 22:04:00 UTC,1211580240,23064,GARDEN CITY REGIONAL AP,KS,FINNEY,36,71,37.9272,-100.7247,true,false
2008-05-23 23:36:00 UTC,1211585760,23064,GARDEN CITY REGIONAL AP,KS,FINNEY,43,82,37.9272,-100.7247,false,false
2008-05-24 05:30:00 UTC,1211607000,13986,HUTCHINSON MUNICIPAL AP,KS,RENO,36,73,38.0653,-97.8606,true,false
2008-05-25 22:35:00 UTC,1211754900,94910,WATERLOO MUNICIPAL AP,IA,BLACK HAWK,51,81,42.5544,-92.4011,true,false
2008-05-26 03:00:00 UTC,1211770800,14933,DES MOINES INTL AP,IA,POLK,46,67,41.5339,-93.6531,true,false
2008-05-29 23:12:00 UTC,1212102720,14937,IOWA CITY MUNICIPAL AP,IA,JOHNSON,44,68,41.6328,-91.5431,false,false
2008-05-30 01:05:00 UTC,1212109500,94978,TEKAMAH MUNICIPAL AP,NE,BURT,51,67,41.7636,-96.1778,true,false
2008-06-03 02:05:00 UTC,1212458700,24024,PHILIP AIRPORT,SD,HAAKON,53,66,44.0511,-101.6011,true,false
2008-06-05 06:09:00 UTC,1212646140,94949,HASTINGS MUNICIPAL AP,NE,ADAMS,57,66,40.6044,-98.4272,true,false
2008-06-07 19:33:00 UTC,1212867180,14937,IOWA CITY MUNICIPAL AP,IA,JOHNSON,38,73,41.6328,-91.5431,false,false
2008-06-08 21:53:00 UTC,1212961980,13993,ST JOSEPH ROSECRANS MEMORIAL AP,MO,BUCHANAN,40,66,39.7736,-94.9067,true,false
2008-06-08 23:42:00 UTC,1212968520,14937,IOWA CITY MUNICIPAL AP,IA,JOHNSON,16,66,41.6328,-91.5431,true,false
2008-06-10 00:03:00 UTC,1213056180,13869,ALBANY SW GEORGIA REGIONAL AP,GA,DOUGHERTY,41,67,31.5356,-84.1944,true,false
2008-06-12 21:05:00 UTC,1213304700,12842,TAMPA INTL AP,FL,HILLSBOROUGH,13,102,27.9619,-82.5403,false,false
2008-06-14 12:04:00 UTC,1213445040,04858,NEWARK HEATH AIRPORT,OH,LICKING,14,65,40.0228,-82.4625,false,false
2008-06-15 03:28:00 UTC,1213500480,12842,TAMPA INTL AP,FL,HILLSBOROUGH,14,99,27.9619,-82.5403,false,false
2008-06-18 04:59:00 UTC,1213765140,94949,HASTINGS MUNICIPAL AP,NE,ADAMS,26,66,40.6044,-98.4272,true,false
2008-06-19 21:23:00 UTC,1213910580,23047,AMARILLO INTERNATIONAL AIRPORT,TX,POTTER,59,70,35.2295,-101.7042,true,false
2008-06-21 15:33:00 UTC,1214062380,12842,TAMPA INTL AP,FL,HILLSBOROUGH,16,114,27.9619,-82.5403,false,false
2008-06-22 20:43:00 UTC,1214167380,12842,TAMPA INTL AP,FL,HILLSBOROUGH,9,101,27.9619,-82.5403,false,false
2008-06-25 23:55:00 UTC,1214438100,12958,NEW ORLEANS ALVIN CALLENDER FIELD,LA,JEFFERSON,16,79,29.8167,-90.0167,false,false
2008-06-28 01:46:00 UTC,1214617560,12819,LEESBURG MUNICIPAL AP,FL,LAKE,30,78,28.8208,-81.8097,false,false
2008-06-28 10:22:00 UTC,1214648520,13754,HAVELOCK CHERRY POINT MCAS,NC,CRAVEN,41,74,34.9,-76.8833,false,false
2008-07-03 21:27:00 UTC,1215120420,93005,DURANGO LA PLATA COUNTY AP,CO,LA PLATA,31,67,37.1431,-107.7597,true,false
2008-07-04 01:00:00 UTC,1215133200,93026,DOUGLAS BISBEE INL AP,AZ,COCHISE,42,65,31.4584,-109.6068,true,false
2008-07-08 01:36:00 UTC,1215480960,14914,FARGO HECTOR INTL AP,ND,CASS,21,70,46.9253,-96.8111,false,false
2008-07-18 22:41:00 UTC,1216420860,23078,DEMING MUNICIPAL AP,NM,LUNA,48,65,32.2622,-107.7206,true,false
2008-07-22 23:24:00 UTC,1216769040,24028,SCOTTSBLUFF W B HEILIG FIELD AP,NE,SCOTTS BLUFF,45,69,41.8705,-103.593,true,false
2008-07-27 21:42:00 UTC,1217194920,24089,CASPER NATRONA COUNTY INTL AP,WY,NATRONA,41,70,42.8975,-106.4636,false,false
2008-07-29 01:56:00 UTC,1217296560,23047,AMARILLO INTERNATIONAL AIRPORT,TX,POTTER,49,90,35.2295,-101.7042,true,false
2008-07-29 04:00:00 UTC,1217304000,23047,AMARILLO INTERNATIONAL AIRPORT,TX,POTTER,60,88,35.2295,-101.7042,false,false
2008-07-29 05:01:00 UTC,1217307660,23047,AMARILLO INTERNATIONAL AIRPORT,TX,POTTER,47,84,35.2295,-101.7042,false,false
2008-07-29 06:54:00 UTC,1217314440,23047,AMARILLO INTERNATIONAL AIRPORT,TX,POTTER,55,70,35.2295,-101.7042,false,false
2008-07-31 09:02:00 UTC,1217494920,14929,ABERDEEN REGIONAL AP,SD,BROWN,43,69,45.4433,-98.413,true,false
2008-08-04 00:03:00 UTC,1217808180,24015,AKRON WASHINGTON COUNTY AP,CO,WASHINGTON,53,68,40.1667,-103.2167,true,false
2008-08-08 14:15:00 UTC,1218204900,24130,BAKER CITY MUNICIPAL AP,OR,BAKER,50,67,44.8428,-117.8086,false,false
2008-08-14 05:39:00 UTC,1218692340,93990,HILL CITY MUNICIPAL AP,KS,GRAHAM,48,72,39.3756,-99.8297,true,false
2008-08-29 04:38:00 UTC,1219984680,23183,PHOENIX SKY HARBOR INTL AP,AZ,MARICOPA,38,65,33.4277,-112.0038,true,false
2008-09-01 22:48:00 UTC,1220309280,24028,SCOTTSBLUFF W B HEILIG FIELD AP,NE,SCOTTS BLUFF,44,70,41.8705,-103.593,true,false
2008-10-05 20:13:00 UTC,1223237580,23055,PINE SPRINGS GUADALUPE MOUNTAINS NP,TX,CULBERSON,53,69,31.8327,-104.809,false,false
2008-10-11 23:22:00 UTC,1223767320,23052,RATON MUNICIPAL CREWS FIELD AP,NM,COLFAX,35,69,36.7414,-104.5022,false,false
2008-10-13 00:44:00 UTC,1223858640,12838,MELBOURNE INTL AP,FL,BREVARD,34,75,28.1011,-80.6439,false,false
2008-10-25 21:59:00 UTC,1224971940,13754,HAVELOCK CHERRY POINT MCAS,NC,CRAVEN,16,114,34.9,-76.8833,false,false
2008-12-19 09:22:00 UTC,1229678520,14937,IOWA CITY MUNICIPAL AP,IA,JOHNSON,45,82,41.6328,-91.5431,false,false
2008-12-24 00:11:00 UTC,1230077460,03975,POPLAR BLUFF MUNICIPAL AP,MO,BUTLER,10,66,36.7725,-90.3247,false,false
2008-12-27 10:31:00 UTC,1230373860,93909,OLATHE JOHNSON COUNTY INDUSTRIAL AP,KS,JOHNSON,44,68,38.8317,-94.8897,true,false
2008-12-28 05:42:00 UTC,1230442920,03940,JACKSON INTL AP,MS,RANKIN,13,73,32.3205,-90.0777,false,false
2009-02-19 03:56:00 UTC,1235015760,13754,HAVELOCK CHERRY POINT MCAS,NC,CRAVEN,23,68,34.9,-76.8833,false,false
2009-03-08 18:42:00 UTC,1236537720,13809,LAWRENCEVILLE VINCENNES INTL AP,IL,LAWRENCE,30,79,38.7642,-87.6056,true,false
2009-03-24 01:42:00 UTC,1237858920,14972,SPENCER MUNICIPAL AP,IA,CLAY,44,70,43.1644,-95.2017,true,false
2009-04-01 22:52:00 UTC,1238626320,12833,CROSS CITY AP,FL,DIXIE,7,65,29.6333,-83.1053,false,false
2009-06-02 19:38:00 UTC,1243971480,13781,WILMINGTON NEW CASTLE COUNTY AP,DE,NEW CASTLE,45,66,39.6744,-75.6057,true,false
2009-06-03 02:31:00 UTC,1243996260,13841,WILMINGTON AIRBORNE PARK,OH,CLINTON,25,69,39.4203,-83.8217,false,false
2009-06-03 03:16:00 UTC,1243998960,13841,WILMINGTON AIRBORNE PARK,OH,CLINTON,28,66,39.4203,-83.8217,false,false
2009-06-10 06:52:00 UTC,1244616720,53922,FAYETTEVILLE SPRINGDALE NW AR REGL AP,AR,BENTON,26,99,36.2833,-94.3,false,false
2009-06-11 20:45:00 UTC,1244753100,03870,GREENVILLE SPARTANBURG AP,SC,SPARTANBURG,38,66,34.8847,-82.2239,true,false
2009-06-23 07:28:00 UTC,1245742080,24044,ALLIANCE MUNICIPAL AP,NE,BOX BUTTE,36,70,42.0572,-102.8,true,false
2009-06-26 22:52:00 UTC,1246056720,24015,AKRON WASHINGTON COUNTY AP,CO,WASHINGTON,48,67,40.1667,-103.2167,true,false
2009-07-09 10:01:00 UTC,1247133660,94950,MITCHELL MUNICIPAL AP,SD,DAVISON,31,65,43.7667,-98.0333,true,false
2009-07-28 05:08:00 UTC,1248757680,13957,SHREVEPORT REGIONAL AP,LA,CADDO,31,108,32.4472,-93.8244,false,false
2009-07-29 20:27:00 UTC,1248899220,54785,SOMERVILLE SOMERSET AP,NJ,SOMERSET,26,75,40.624,-74.669,true,false
2009-08-10 08:31:00 UTC,1249893060,24030,SIDNEY MUNICIPAL AP,NE,CHEYENNE,12,87,41.1014,-102.9847,false,false
2009-08-10 16:20:00 UTC,1249921200,03919,SALINA MUNICIPAL AP,KS,SALINE,50,69,38.8,-97.65,true,false
2009-08-13 02:15:00 UTC,1250129700,24037,MILES CITY F WILEY FIELD,MT,CUSTER,45,66,46.4266,-105.8825,true,false
2009-09-21 02:06:00 UTC,1253498760,24089,CASPER NATRONA COUNTY INTL AP,WY,NATRONA,42,67,42.8975,-106.4636,false,false
2009-10-26 17:34:00 UTC,1256578440,12926,CORPUS CHRISTI NAS,TX,NUECES,59,70,27.6833,-97.2833,true,false
2009-10-26 20:18:00 UTC,1256588280,12835,FORT MYERS PAGE FIELD AP,FL,LEE,25,67,26.585,-81.8614,false,false
2009-11-12 23:14:00 UTC,1258067640,13769,OCEANA NAS,VA,VIRGINIA BEACH (CITY),48,65,36.8167,-76.0333,false,false
2009-12-24 04:43:00 UTC,1261629780,12935,PALACIOS MUNICIPAL AP,TX,MATAGORDA,11,70,28.7247,-96.2536,false,false
2010-01-20 22:03:00 UTC,1264024980,53915,NEW IBERIA ACADIANA REGIONAL AP,LA,IBERIA,36,73,30.0375,-91.8839,false,false
2010-01-28 19:55:00 UTC,1264708500,03932,CLINTON SHERMAN AP,OK,WASHITA,29,74,35.3397,-99.2003,false,false
2010-04-16 21:10:00 UTC,1271452200,14736,ALTOONA BLAIR COUNTY AP,PA,BLAIR,27,69,40.2964,-78.3203,true,false
2010-05-10 04:42:00 UTC,1273466520,13957,SHREVEPORT REGIONAL AP,LA,CADDO,29,68,32.4472,-93.8244,false,false
2010-05-18 10:19:00 UTC,1274177940,12926,CORPUS CHRISTI NAS,TX,NUECES,32,110,27.6833,-97.2833,false,false
2010-05-24 02:38:00 UTC,1274668680,03028,SPRINGFIELD COMANCHE NATIONAL GRASSLAND,CO,BACA,50,70,37.2835,-102.6138,false,false
2010-05-24 20:08:00 UTC,1274731680,24017,CHADRON MUNICIPAL AP,NE,DAWES,43,67,42.8375,-103.0953,true,false
2010-06-08 07:04:00 UTC,1275980640,12926,CORPUS CHRISTI NAS,TX,NUECES,65,95,27.6833,-97.2833,false,false
2010-06-14 22:52:00 UTC,1276555920,23091,FORT STOCKTON PECOS COUNTY AP,TX,PECOS,35,72,30.9119,-102.9167,true,false
2010-06-17 04:52:00 UTC,1276750320,24011,BISMARCK MUNICIPAL AP,ND,BURLEIGH,46,68,46.7825,-100.7572,true,false
2010-06-19 13:27:00 UTC,1276954020,13984,CONCORDIA BLOSSER MUNICIPAL AP,KS,CLOUD,46,65,39.5514,-97.6508,true,false
2010-06-20 01:26:00 UTC,1276997160,13984,CONCORDIA BLOSSER MUNICIPAL AP,KS,CLOUD,38,71,39.5514,-97.6508,true,false
2010-06-22 03:33:00 UTC,1277177580,03026,BURLINGTON CARSON AP,CO,KIT CARSON,18,66,39.2447,-102.2842,false,false
2010-06-23 02:03:00 UTC,1277258580,24032,VALENTINE MILLER FIELD,NE,CHERRY,45,66,42.8783,-100.55,true,false
2010-06-23 22:46:00 UTC,1277333160,04808,CHICAGO AURORA MUNICIPAL AP,IL,KANE,42,68,41.77,-88.4814,true,false
2010-06-24 18:28:00 UTC,1277404080,94702,IGOR I SIKORSKY MEMORIAL AIRPORT,CT,FAIRFIELD,37,68,41.1642,-73.1267,true,false
2010-06-24 19:31:00 UTC,1277407860,13739,PHILADELPHIA INTL AP,PA,DELAWARE,54,65,39.8733,-75.2268,true,false
2010-06-27 23:00:00 UTC,1277679600,14825,FINDLAY AP,OH,HANCOCK,38,68,41.0136,-83.6686,true,false
2010-07-10 16:43:00 UTC,1278780180,14764,PORTLAND INTL JETPORT,ME,CUMBERLAND,15,67,43.6422,-70.3044,false,false
2010-07-16 17:21:00 UTC,1279300860,13963,LITTLE ROCK AP ADAMS FIELD,AR,PULASKI,15,73,34.7273,-92.2389,false,false
2010-07-17 21:30:00 UTC,1279402200,94993,SISSETON MUNICIPAL AP,SD,ROBERTS,35,66,45.669,-96.9918,true,false
2010-07-18 00:03:00 UTC,1279411380,12918,HOUSTON WILLIAM P HOBBY AP,TX,HARRIS,8,84,29.6381,-95.2819,true,false
2010-07-19 23:09:00 UTC,1279580940,93786,OCEAN CITY MUNICIPAL AP,MD,WORCESTER,14,76,38.3083,-75.1239,false,false
2010-07-25 23:52:00 UTC,1280101920,13959,WACO REGIONAL AP,TX,MCLENNAN,47,67,31.6189,-97.2283,true,false
2010-07-31 11:21:00 UTC,1280575260,94239,WENATCHEE PANGBORN AP,WA,DOUGLAS,13,72,47.3977,-120.2013,false,false
2010-08-02 07:07:00 UTC,1280732820,94056,FAITH MUNICIPAL AP,SD,MEADE,50,65,45.0326,-102.02,true,false
2010-08-02 23:43:00 UTC,1280792580,24032,VALENTINE MILLER FIELD,NE,CHERRY,45,70,42.8783,-100.55,true,false
2010-08-13 02:54:00 UTC,1281668040,94038,HETTINGER MUNICIPAL AP,ND,ADAMS,57,81,46.0139,-102.6547,true,false
2010-09-15 02:31:00 UTC,1284517860,23065,GOODLAND RENNER FIELD,KS,SHERMAN,38,68,39.3672,-101.6933,true,false
2010-09-17 06:11:00 UTC,1284703860,12926,CORPUS CHRISTI NAS,TX,NUECES,34,67,27.6833,-97.2833,false,false
2010-09-20 22:43:00 UTC,1285022580,93058,PUEBLO MEMORIAL AP,CO,PUEBLO,30,82,38.2901,-104.4983,false,false
2010-09-25 11:17:00 UTC,1285413420,12926,CORPUS CHRISTI NAS,TX,NUECES,53,89,27.6833,-97.2833,false,false
2010-10-07 01:21:00 UTC,1286414460,24027,ROCK SPRINGS SWEETWATER COUNTY AP,WY,SWEETWATER,42,66,41.5942,-109.0653,true,false
2010-10-14 15:38:00 UTC,1287070680,13776,LUMBERTON REGIONAL AIRPORT,NC,ROBESON,28,79,34.608,-79.0591,false,false
2010-11-02 12:35:00 UTC,1288701300,13927,JACKSON HAWKINS FIELD,MS,HINDS,26,89,32.3367,-90.2214,false,false
2010-11-16 09:22:00 UTC,1289899320,94129,PULLMAN MOSCOW REGIONAL AP,WA,WHITMAN,42,74,46.7439,-117.1086,true,false
2010-12-30 22:33:00 UTC,1293748380,23055,PINE SPRINGS GUADALUPE MOUNTAINS NP,TX,CULBERSON,58,72,31.8327,-104.809,false,false
2011-03-09 12:30:00 UTC,1299673800,12916,NEW ORLEANS INTL AP,LA,JEFFERSON,30,67,29.9933,-90.2511,true,false
2011-03-30 01:49:00 UTC,1301449740,12958,NEW ORLEANS ALVIN CALLENDER FIELD,LA,JEFFERSON,78,86,29.8167,-90.0167,false,false
2011-03-30 02:33:00 UTC,1301452380,12958,NEW ORLEANS ALVIN CALLENDER FIELD,LA,JEFFERSON,43,117,29.8167,-90.0167,false,false
2011-03-30 03:21:00 UTC,1301455260,12958,NEW ORLEANS ALVIN CALLENDER FIELD,LA,JEFFERSON,41,103,29.8167,-90.0167,false,false
2011-03-30 20:44:00 UTC,1301517840,12841,ORLANDO EXECUTIVE AP,FL,ORANGE,37,65,28.5453,-81.3331,true,false
2011-04-05 07:55:00 UTC,1301990100,13883,COLUMBIA METROPOLITAN AP,SC,LEXINGTON,41,65,33.9419,-81.1181,true,false
2011-04-05 08:59:00 UTC,1301993940,53862,PERRY FOLEY AP,FL,TAYLOR,41,65,30.0719,-83.5736,true,false
2011-04-20 02:54:00 UTC,1303268040,93817,EVANSVILLE REGIONAL AP,IN,VANDERBURGH,43,66,38.0441,-87.5205,true,false
2011-04-23 19:49:00 UTC,1303588140,03816,PADUCAH BARKLEY REGIONAL AP,KY,MCCRACKEN,51,69,37.0563,-88.7744,true,false
2011-04-27 06:02:00 UTC,1303884120,13942,MONROE REGIONAL AP,LA,OUACHITA,41,70,32.5155,-92.0405,true,false
2011-05-24 21:24:00 UTC,1306272240,23065,GOODLAND RENNER FIELD,KS,SHERMAN,58,69,39.3672,-101.6933,true,false
2011-05-25 01:28:00 UTC,1306286880,93967,COFFEYVILLE MUNICIPAL AP,KS,MONTGOMERY,19,71,37.0911,-95.5664,true,false
2011-05-26 01:19:00 UTC,1306372740,93817,EVANSVILLE REGIONAL AP,IN,VANDERBURGH,43,65,38.0441,-87.5205,true,false
2011-05-27 01:35:00 UTC,1306460100,53917,NEW ORLEANS LAKEFRONT AP,LA,ORLEANS,33,68,30.0494,-90.0288,true,false
2011-06-04 04:09:00 UTC,1307160540,93997,RUSSELL MUNICIPAL AP,KS,RUSSELL,32,69,38.8761,-98.8092,false,false
2011-06-06 04:41:00 UTC,1307335260,94273,MCMINNVILLE MUNICIPAL AP,OR,YAMHILL,34,85,45.1947,-123.1339,false,false
2011-06-16 22:58:00 UTC,1308265080,93010,LIMON,CO,LINCOLN,53,67,39.275,-103.666,true,false
2011-06-17 03:24:00 UTC,1308281040,03919,SALINA MUNICIPAL AP,KS,SALINE,40,67,38.8,-97.65,true,false
2011-06-18 02:00:00 UTC,1308362400,14762,PITTSBURGH ALLEGHENY COUNTY AP,PA,ALLEGHENY,11,111,40.3547,-79.9217,false,false
2011-06-18 03:04:00 UTC,1308366240,14762,PITTSBURGH ALLEGHENY COUNTY AP,PA,ALLEGHENY,7,111,40.3547,-79.9217,false,false
2011-06-18 04:00:00 UTC,1308369600,14762,PITTSBURGH ALLEGHENY COUNTY AP,PA,ALLEGHENY,11,111,40.3547,-79.9217,false,false
2011-06-22 01:54:00 UTC,1308707640,04838,CHICAGO PALWAUKEE AP,IL,COOK,54,70,42.1208,-87.9047,true,false
2011-06-23 20:08:00 UTC,1308859680,13748,WILMINGTON INTL AP,NC,NEW HANOVER,30,65,34.2675,-77.8997,true,false
2011-06-26 23:38:00 UTC,1309131480,14941,NORFOLK KARL STEFAN MEMORIAL AP,NE,MADISON,46,69,41.9855,-97.4352,true,false
2011-06-29 02:35:00 UTC,1309314900,03026,BURLINGTON CARSON AP,CO,KIT CARSON,43,73,39.2447,-102.2842,true,false
2011-07-04 19:07:00 UTC,1309806420,13741,ROANOKE REGIONAL AP,VA,ROANOKE,43,65,37.3169,-79.9742,true,false
2011-07-08 22:52:00 UTC,1310165520,93058,PUEBLO MEMORIAL AP,CO,PUEBLO,53,68,38.2901,-104.4983,true,false
2011-07-11 13:14:00 UTC,1310390040,14819,CHICAGO MIDWAY AP,IL,COOK,37,65,41.7861,-87.7522,true,false
2011-07-22 20:22:00 UTC,1311366120,23047,AMARILLO INTERNATIONAL AIRPORT,TX,POTTER,31,70,35.2295,-101.7042,true,false
2011-07-22 23:34:00 UTC,1311377640,14607,CARIBOU MUNICIPAL AP,ME,AROOSTOOK,38,65,46.8705,-68.0173,true,false
2011-07-26 01:08:00 UTC,1311642480,94056,FAITH MUNICIPAL AP,SD,MEADE,54,66,45.0326,-102.02,true,false
2011-07-27 02:54:00 UTC,1311735240,23044,EL PASO INTL AP,TX,EL PASO,42,68,31.8111,-106.3758,true,false
2011-07-29 07:12:00 UTC,1311923520,93730,ATLANTIC CITY INTL AP,NJ,ATLANTIC,14,65,39.452,-74.567,false,false
2011-08-01 22:26:00 UTC,1312237560,94056,FAITH MUNICIPAL AP,SD,MEADE,49,69,45.0326,-102.02,true,false
2011-08-03 23:04:00 UTC,1312412640,54757,WELLSVILLE MUNICIPAL AP,NY,ALLEGANY,18,74,42.1094,-77.9919,false,false
2011-08-06 17:22:00 UTC,1312651320,92805,POMPANO BEACH AIRPARK,FL,BROWARD,52,90,26.25,-80.1083,false,false
2011-08-07 18:46:00 UTC,1312742760,13963,LITTLE ROCK AP ADAMS FIELD,AR,PULASKI,51,67,34.7273,-92.2389,true,false
2011-08-08 01:02:00 UTC,1312765320,24032,VALENTINE MILLER FIELD,NE,CHERRY,43,67,42.8783,-100.55,true,false
2011-08-09 00:03:00 UTC,1312848180,03965,STILLWATER REGIONAL AP,OK,PAYNE,44,69,36.1624,-97.0894,true,false
2011-08-10 01:23:00 UTC,1312939380,93997,RUSSELL MUNICIPAL AP,KS,RUSSELL,43,71,38.8761,-98.8092,true,false
2011-08-16 03:25:00 UTC,1313465100,94037,BUFFALO (ASOS),SD,HARDING,42,67,45.6043,-103.547,true,false
2011-08-16 12:36:00 UTC,1313498160,93997,RUSSELL MUNICIPAL AP,KS,RUSSELL,65,69,38.8761,-98.8092,false,false
2011-08-16 14:27:00 UTC,1313504820,94957,FALLS CITY BRENNER FIELD,NE,RICHARDSON,14,68,40.0803,-95.5919,false,false
2011-09-04 01:36:00 UTC,1315100160,04850,LIMA ALLEN COUNTY AP,OH,ALLEN,25,70,40.7083,-84.0267,true,false
2011-09-08 12:20:00 UTC,1315484400,93786,OCEAN CITY MUNICIPAL AP,MD,WORCESTER,14,78,38.3083,-75.1239,false,false
2011-09-27 15:23:00 UTC,1317136980,13895,MONTGOMERY AP,AL,MONTGOMERY,17,69,32.2997,-86.4075,false,false
2011-11-07 22:50:00 UTC,1320706200,03932,CLINTON SHERMAN AP,OK,WASHITA,61,72,35.3568,-99.2042,true,false
2011-11-07 23:08:00 UTC,1320707280,03932,CLINTON SHERMAN AP,OK,WASHITA,65,68,35.3568,-99.2042,false,false
2011-11-08 00:34:00 UTC,1320712440,03932,CLINTON SHERMAN AP,OK,WASHITA,63,66,35.3568,-99.2042,false,false
2011-12-29 22:06:00 UTC,1325196360,24018,CHEYENNE MUNICIPAL AP,WY,LARAMIE,34,67,41.15,-104.8167,false,false
2012-01-18 02:58:00 UTC,1326855480,93801,ROME R B RUSSELL AP,GA,FLOYD,13,83,34.3478,-85.1611,false,false
2012-01-18 03:08:00 UTC,1326856080,93801,ROME R B RUSSELL AP,GA,FLOYD,28,72,34.3478,-85.1611,false,false
2012-03-08 08:09:00 UTC,1331194140,13987,JOPLIN REGIONAL AIRPORT,MO,JASPER,19,77,37.1522,-94.4953,false,false
2012-04-15 05:52:00 UTC,1334469120,14923,MOLINE QUAD CITY INTL AP,IL,ROCK ISLAND,43,68,41.4653,-90.5233,true,false
2012-05-14 05:39:00 UTC,1336973940,23091,FORT STOCKTON PECOS COUNTY AP,TX,PECOS,55,67,30.9119,-102.9167,true,false
2012-05-14 06:01:00 UTC,1336975260,23091,FORT STOCKTON PECOS COUNTY AP,TX,PECOS,52,69,30.9119,-102.9167,true,false
2012-05-15 08:54:00 UTC,1337072040,12928,KINGSVILLE NAAS,TX,KLEBERG,17,68,27.5,-97.8167,false,false
2012-05-18 21:20:00 UTC,1337376000,24061,RIVERTON REGIONAL AP,WY,FREMONT,48,67,43.0642,-108.4589,true,false
2012-05-30 03:02:00 UTC,1338346920,13967,OKLAHOMA CITY WILL ROGERS WORLD AP,OK,OKLAHOMA,44,66,35.3889,-97.6006,true,false
2012-06-02 23:24:00 UTC,1338679440,23048,TUCUMCARI MUNICIPAL AP,NM,QUAY,47,65,35.1822,-103.6031,true,false
2012-06-24 01:13:00 UTC,1340500380,24153,MISSOULA INTL AP,MT,MISSOULA,49,69,46.9208,-114.0925,true,false
2012-06-25 20:38:00 UTC,1340656680,94057,CONVERSE COUNTY AIRPORT ASOS,WY,CONVERSE,48,71,42.7961,-105.3803,true,false
2012-06-29 07:35:00 UTC,1340955300,94946,BROKEN BOW MUNICIPAL AP,NE,CUSTER,42,68,41.4333,-99.6333,true,false
2012-06-29 18:54:00 UTC,1340996040,14827,FORT WAYNE INTL AP,IN,ALLEN,55,79,40.9705,-85.2063,true,false
2012-06-29 20:18:00 UTC,1341001080,93815,DAYTON INTL AP,OH,MONTGOMERY,40,71,39.9064,-84.2186,true,false
2012-06-29 20:54:00 UTC,1341003240,04804,COLUMBUS OHIO STATE UNIVERSITY AP,OH,FRANKLIN,39,71,40.0781,-83.0781,true,false
2012-06-29 23:19:00 UTC,1341011940,13866,CHARLESTON YEAGER AP,WV,KANAWHA,45,69,38.3794,-81.59,true,false
2012-06-30 01:08:00 UTC,1341018480,13741,ROANOKE REGIONAL AP,VA,ROANOKE,46,70,37.3169,-79.9741,true,false
2012-07-01 17:17:00 UTC,1341163020,94892,CHICAGO WEST CHICAGO DUPAGE AP,IL,DUPAGE,49,65,41.9144,-88.2464,true,false
2012-07-01 21:18:00 UTC,1341177480,13754,HAVELOCK CHERRY POINT MCAS,NC,CRAVEN,42,73,34.9,-76.8833,true,false
2012-07-09 23:15:00 UTC,1341875700,24133,BURLEY MUNICIPAL AP,ID,CASSIA,27,68,42.5416,-113.7661,true,false
2012-07-10 23:16:00 UTC,1341962160,24048,GREYBULL SOUTH BIG HORN COUNTY AP,WY,BIG HORN,43,67,44.5169,-108.0822,false,false
2012-07-25 01:31:00 UTC,1343179860,94055,BAKER MUNICIPAL AIRPOPRT,MT,FALLON,56,65,46.3583,-104.25,true,false
2012-07-31 23:58:00 UTC,1343779080,24150,LIVINGSTON MISSION FIELD,MT,PARK,47,65,45.6983,-110.4408,false,false
2012-08-01 23:51:00 UTC,1343865060,14992,REDWOOD FALLS MUNICIPAL AIRPORT,MN,REDWOOD,46,69,44.5483,-95.0804,true,false
2012-08-03 23:52:00 UTC,1344037920,14936,HURON REGIONAL AP,SD,BEADLE,39,68,44.3981,-98.2231,true,false
2012-08-04 00:08:00 UTC,1344038880,23190,SANTA BARBARA MUNICIPAL AP,CA,SANTA BARBARA,28,70,34.4258,-119.8425,false,false
2012-08-04 00:29:00 UTC,1344040140,94950,MITCHELL MUNICIPAL AP,SD,DAVISON,31,69,43.7743,-98.0384,true,false
2012-08-12 03:07:00 UTC,1344740820,24032,VALENTINE MILLER FIELD,NE,CHERRY,51,65,42.8783,-100.55,true,false
2012-08-13 00:01:00 UTC,1344816060,13961,FORT WORTH MEACHAM FIELD,TX,TARRANT,44,66,32.8192,-97.3614,true,false
2012-09-07 20:08:00 UTC,1347048480,93967,COFFEYVILLE MUNICIPAL AP,KS,MONTGOMERY,49,68,37.0911,-95.5664,true,false
2012-12-04 22:07:00 UTC,1354658820,12926,CORPUS CHRISTI NAS,TX,NUECES,28,95,27.6833,-97.2833,false,false
2012-12-14 18:01:00 UTC,1355508060,23055,PINE SPRINGS GUADALUPE MOUNTAINS NP,TX,CULBERSON,63,72,31.8327,-104.809,false,false
2013-01-12 16:53:00 UTC,1358009580,13957,SHREVEPORT REGIONAL AP,LA,CADDO,26,75,32.4472,-93.8244,false,false
2013-01-13 04:30:00 UTC,1358051400,13809,LAWRENCEVILLE VINCENNES INTL AP,IL,LAWRENCE,28,65,38.7642,-87.6056,true,false
2013-01-30 00:21:00 UTC,1359505260,94889,ANN ARBOR MUNICIPAL AP,MI,WASHTENAW,13,78,42.2228,-83.7444,false,false
2013-02-21 15:48:00 UTC,1361461680,53879,LEES SUMMIT MUNICIPAL AP,MO,JACKSON,25,66,38.9597,-94.3714,false,false
2013-02-26 09:23:00 UTC,1361870580,12832,APALACHICOLA AP,FL,FRANKLIN,48,67,29.7333,-85.0333,true,false
2013-03-24 18:40:00 UTC,1364150400,12815,ORLANDO INTL AP,FL,ORANGE,49,75,28.4339,-81.325,true,false
2013-04-09 01:54:00 UTC,1365472440,24015,AKRON WASHINGTON COUNTY AP,CO,WASHINGTON,40,69,40.1667,-103.2167,true,false
2013-04-10 06:45:00 UTC,1365576300,94908,DUBUQUE REGIONAL AP,IA,DUBUQUE,25,68,42.3978,-90.7036,false,false
2013-04-17 23:58:00 UTC,1366243080,93989,QUINCY REGIONAL AP,IL,ADAMS,43,67,39.9369,-91.1919,true,false
2013-04-24 18:56:00 UTC,1366829760,12916,NEW ORLEANS INTL AP,LA,JEFFERSON,13,72,29.9933,-90.2511,false,false
2013-05-22 01:44:00 UTC,1369187040,13939,GREENVILLE ASOS,MS,WASHINGTON,36,106,33.4825,-90.9853,false,false
2013-05-30 21:00:00 UTC,1369947600,14931,BURLINGTON MUNICIPAL AP,IA,DES MOINES,47,70,40.7833,-91.1253,true,false
2013-06-04 02:27:00 UTC,1370312820,13975,GAGE AIRPORT,OK,ELLIS,48,66,36.2967,-99.7689,true,false
2013-06-04 22:41:00 UTC,1370385660,73805,NORTHWEST FLORIDA BEACHES INTL AP,FL,BAY,11,66,30.349,-85.788,false,false
2013-06-05 00:56:00 UTC,1370393760,03028,SPRINGFIELD COMANCHE NATIONAL GRASSLAND,CO,BACA,53,78,37.2835,-102.6138,true,false
2013-06-06 04:29:00 UTC,1370492940,23042,LUBBOCK INTL AP,TX,LUBBOCK,51,67,33.6656,-101.8231,true,false
2013-06-20 01:54:00 UTC,1371693240,24036,LEWISTOWN MUNICIPAL AP,MT,FERGUS,46,70,47.0492,-109.4578,true,false
2013-06-20 02:22:00 UTC,1371694920,03028,SPRINGFIELD COMANCHE NATIONAL GRASSLAND,CO,BACA,55,76,37.2835,-102.6138,false,false
2013-06-28 00:01:00 UTC,1372377660,03928,WICHITA MID-CONTINENT AP,KS,SEDGWICK,61,72,37.6475,-97.43,true,false
2013-06-28 10:13:00 UTC,1372414380,53869,BLYTHEVILLE MUNICIPAL AP,AR,MISSISSIPPI,48,67,35.9403,-89.8308,true,false
2013-06-29 01:32:00 UTC,1372469520,13942,MONROE REGIONAL AP,LA,OUACHITA,51,67,32.5155,-92.0405,true,false
2013-07-07 23:54:00 UTC,1373241240,13882,CHATTANOOGA LOVELL FIELD AP,TN,HAMILTON,11,74,35.0336,-85.2004,false,false
2013-07-09 02:52:00 UTC,1373338320,94037,BUFFALO (ASOS),SD,HARDING,57,74,45.6043,-103.547,true,false
2013-07-10 00:14:00 UTC,1373415240,13970,BATON ROUGE RYAN AP,LA,EAST BATON ROUGE,67,112,30.5372,-91.1469,false,false
2013-07-24 04:42:00 UTC,1374640920,13968,TULSA INTL AP,OK,TULSA,46,66,36.1994,-95.8872,true,false
2013-07-27 01:36:00 UTC,1374888960,23050,ALBUQUERQUE INTL AP,NM,BERNALILLO,54,77,35.0419,-106.6155,true,false
2013-07-27 20:28:00 UTC,1374956880,12854,ORLANDO SANFORD AP,FL,SEMINOLE,24,66,28.7797,-81.2436,true,false
2013-09-30 22:21:00 UTC,1380579660,94037,BUFFALO (ASOS),SD,HARDING,53,74,45.6043,-103.547,true,false
2014-01-11 18:57:00 UTC,1389466620,13722,RALEIGH DURHAM INTL AP,NC,WAKE,52,75,35.8923,-78.7819,true,false
2014-04-03 22:58:00 UTC,1396565880,03991,DENTON MUNICPAL AP,TX,DENTON,43,71,33.2061,-97.1989,false,false
2014-04-13 01:12:00 UTC,1397351520,03027,CLINES CORNERS,NM,TORRANCE,49,67,35.003,-105.6628,true,false
2014-05-12 00:51:00 UTC,1399855860,14942,OMAHA EPPLEY AIRFIELD,NE,DOUGLAS,54,71,41.3102,-95.8991,true,false
2014-05-27 02:24:00 UTC,1401157440,24033,BILLINGS LOGAN INTL AP,MT,YELLOWSTONE,41,66,45.8069,-108.5422,true,false
2014-05-28 22:42:00 UTC,1401316920,24029,SHERIDAN COUNTY AP,WY,SHERIDAN,45,65,44.7694,-106.9688,true,false
2014-06-03 23:38:00 UTC,1401838680,94958,ORD EVELYN SHARP FIELD,NE,VALLEY,49,69,41.6233,-98.9483,true,false
2014-06-05 17:59:00 UTC,1401991140,03953,JONESBORO MUNICIPAL AP,AR,CRAIGHEAD,48,75,35.8311,-90.6464,true,false
2014-06-06 22:16:00 UTC,1402092960,24023,NORTH PLATTE REGIONAL AP,NE,LINCOLN,50,74,41.1213,-100.6694,true,false
2014-06-07 06:20:00 UTC,1402122000,13967,OKLAHOMA CITY WILL ROGERS WORLD AP,OK,OKLAHOMA,35,76,35.3889,-97.6006,true,false
2014-06-15 03:51:00 UTC,1402804260,93990,HILL CITY MUNICIPAL AP,KS,GRAHAM,49,72,39.3756,-99.8297,true,false
2014-06-15 04:49:00 UTC,1402807740,94949,HASTINGS MUNICIPAL AP,NE,ADAMS,50,69,40.6005,-98.4258,true,false
2014-06-16 19:59:00 UTC,1402948740,14944,SIOUX FALLS FOSS FIELD,SD,MINNEHAHA,41,76,43.5778,-96.7539,true,false
2014-06-16 22:12:00 UTC,1402956720,94971,ESTHERVILLE MUNICIPAL AP,IA,EMMET,53,69,43.4011,-94.7472,true,false
2014-06-19 02:17:00 UTC,1403144220,24015,AKRON WASHINGTON COUNTY AP,CO,WASHINGTON,46,68,40.1667,-103.2167,true,false
2014-06-24 21:40:00 UTC,1403646000,23064,GARDEN CITY REGIONAL AP,KS,FINNEY,56,74,37.9272,-100.7247,true,false
2014-07-01 02:17:00 UTC,1404181020,03030,GUYMON MUNICIPAL AP,OK,TEXAS,52,67,36.6817,-101.5053,true,false
2014-07-19 19:02:00 UTC,1405796520,73805,NORTHWEST FLORIDA BEACHES INTL AP,FL,BAY,23,72,30.349,-85.788,false,false
2014-08-10 21:26:00 UTC,1407705960,13966,WICHITA FALLS MUNICIPAL AP,TX,WICHITA,43,67,33.9786,-98.4928,true,false
2014-08-18 01:40:00 UTC,1408326000,94949,HASTINGS MUNICIPAL AP,NE,ADAMS,42,72,40.6005,-98.4258,true,false
2014-08-19 03:22:00 UTC,1408418520,04134,GRANITE PEAK DUGWAY PROVING GROUND,UT,TOOELE,37,70,40.1604,-113.3506,false,false
2014-08-20 21:23:00 UTC,1408569780,03894,CLARKSVILLE OUTLAW AP,TN,MONTGOMERY,44,65,36.6239,-87.4194,true,false
2014-09-09 22:12:00 UTC,1410300720,93997,RUSSELL MUNICIPAL AP,KS,RUSSELL,44,65,38.8761,-98.8092,true,false
2015-04-26 01:00:00 UTC,1430010000,03822,SAVANNAH INTL AP,GA,CHATHAM,43,70,32.1313,-81.2024,true,false
2015-05-24 02:29:00 UTC,1432434540,13904,AUSTIN BERGSTROM INTL AP,TX,TRAVIS,38,65,30.1831,-97.6799,true,false
2015-06-02 01:57:00 UTC,1433210220,94023,GILLETTE CAMPBELL COUNTY AP,WY,CAMPBELL,44,65,44.3394,-105.5419,false,false
2015-06-06 22:58:00 UTC,1433631480,23067,LA JUNTA MUNICIPAL AP,CO,OTERO,54,66,38.0495,-103.5134,false,false
2015-06-12 23:48:00 UTC,1434152880,23023,MIDLAND INTERNATIONAL AP,TX,MIDLAND,91,94,31.9475,-102.2086,false,false
2015-06-13 00:04:00 UTC,1434153840,23023,MIDLAND INTERNATIONAL AP,TX,MIDLAND,79,80,31.9475,-102.2086,false,false
2015-06-20 02:01:00 UTC,1434765660,24011,BISMARCK MUNICIPAL AP,ND,BURLEIGH,44,72,46.7825,-100.7572,true,false
2015-06-30 09:25:00 UTC,1435656300,03031,ODESSA SCHLEMEYER FIELD,TX,ECTOR,46,65,31.9206,-102.3867,true,false
2015-07-15 01:08:00 UTC,1436922480,03013,LAMAR MUNICIPAL AP,CO,PROWERS,54,66,38.07,-102.6881,true,false
2015-07-17 21:26:00 UTC,1437168360,13838,MOBILE DOWNTOWN AP,AL,MOBILE,49,66,30.6264,-88.0681,true,false
2015-07-28 01:36:00 UTC,1438047360,24037,MILES CITY AP,MT,CUSTER,49,65,46.4266,-105.8825,true,false
2015-08-27 05:45:00 UTC,1440654300,24024,PHILIP AIRPORT,SD,HAAKON,46,66,44.0511,-101.6011,true,false
2016-01-17 10:25:00 UTC,1453026300,12897,NAPLES MUNICIPAL AP,FL,COLLIER,43,71,26.155,-81.7752,true,false
2016-02-19 09:04:00 UTC,1455872640,24025,PIERRE REGIONAL AP,SD,HUGHES,50,68,44.3813,-100.2855,false,false
2016-02-25 07:44:00 UTC,1456386240,14753,BLUE HILL LCD,MA,NORFOLK,34,72,42.2123,-71.1137,true,false
2016-05-02 04:32:00 UTC,1462163520,93819,INDIANAPOLIS INTL AP,IN,MARION,40,70,39.7252,-86.2817,false,false
2016-05-11 00:57:00 UTC,1462928220,13959,WACO REGIONAL AP,TX,MCLENNAN,46,65,31.6189,-97.2283,true,false
2016-05-26 05:56:00 UTC,1464242160,94971,ESTHERVILLE MUNICIPAL AP,IA,EMMET,52,67,43.4011,-94.7472,true,false
2016-05-26 09:04:00 UTC,1464253440,94988,MARSHALLTOWN MUNICIPAL AP,IA,MARSHALL,51,68,42.1106,-92.9161,true,false
2016-05-30 23:20:00 UTC,1464650400,23055,PINE SPRINGS GUADALUPE MOUNTAINS NP,TX,CULBERSON,56,67,31.8327,-104.809,false,false
2016-06-10 22:25:00 UTC,1465597500,94971,ESTHERVILLE MUNICIPAL AP,IA,EMMET,38,66,43.4011,-94.7472,true,false
2016-06-13 22:49:00 UTC,1465858140,24090,RAPID CITY REGIONAL AP,SD,PENNINGTON,43,66,44.0433,-103.0536,true,false
2016-06-16 00:40:00 UTC,1466037600,23042,LUBBOCK INTL AP,TX,LUBBOCK,45,68,33.6656,-101.8231,true,false
2016-06-18 02:59:00 UTC,1466218740,94958,ORD EVELYN SHARP FIELD,NE,VALLEY,100,112,41.6233,-98.9483,false,false
2016-06-18 03:53:00 UTC,1466221980,94958,ORD EVELYN SHARP FIELD,NE,VALLEY,110,124,41.6233,-98.9483,false,false
2016-06-18 04:02:00 UTC,1466222520,94958,ORD EVELYN SHARP FIELD,NE,VALLEY,111,123,41.6233,-98.9483,false,false
2016-06-25 01:11:00 UTC,1466817060,94053,TORRINGTON MUNICIPAL AP,WY,GOSHEN,55,78,42.0613,-104.1584,false,false
2016-06-28 23:07:00 UTC,1467155220,24017,CHADRON MUNICIPAL AP,NE,DAWES,49,73,42.8374,-103.0981,true,false
2016-07-07 01:21:00 UTC,1467854460,23007,CHILDRESS MUNICIPAL AP,TX,CHILDRESS,55,67,34.4272,-100.2831,true,false
2016-07-10 06:36:00 UTC,1468132560,94993,SISSETON MUNICIPAL AP,SD,ROBERTS,52,72,45.669,-96.9918,true,false
2016-07-13 11:23:00 UTC,1468408980,93997,RUSSELL MUNICIPAL AP,KS,RUSSELL,46,67,38.8761,-98.8092,true,false
2016-07-14 13:20:00 UTC,1468502400,03928,WICHITA DWIGHT D. EISENHOWER NATIONAL AIRPORT,KS,SEDGWICK,50,70,37.6475,-97.43,true,false
2016-07-21 09:29:00 UTC,1469093340,94929,ASHLAND KENNEDY MEMORIAL AP,WI,ASHLAND,42,65,46.5486,-90.9189,true,false
2016-07-31 10:40:00 UTC,1469961600,13750,NORFOLK NAS,VA,NORFOLK (CITY),30,73,36.9375,-76.2893,false,false
2016-08-01 00:23:00 UTC,1470010980,03027,CLINES CORNERS,NM,TORRANCE,46,66,35.003,-105.6628,false,false
2016-08-01 02:36:00 UTC,1470018960,03027,CLINES CORNERS,NM,TORRANCE,50,71,35.003,-105.6628,false,false
2016-08-01 03:04:00 UTC,1470020640,03027,CLINES CORNERS,NM,TORRANCE,31,67,35.003,-105.6628,false,false
2016-08-04 08:22:00 UTC,1470298920,94938,BRAINERD CROW WING COUNTY AP,MN,CROW WING,52,68,46.4047,-94.1308,true,false
2016-08-09 00:30:00 UTC,1470702600,24090,RAPID CITY REGIONAL AP,SD,PENNINGTON,38,72,44.0433,-103.0536,true,false
2016-08-18 11:57:00 UTC,1471521420,14919,JAMESTOWN MUNICIPAL AP,ND,STUTSMAN,52,67,46.9258,-98.6691,false,false
2016-08-24 02:59:00 UTC,1472007540,14942,OMAHA EPPLEY AIRFIELD,NE,DOUGLAS,56,83,41.3102,-95.8991,true,false
2016-08-24 03:00:00 UTC,1472007600,14942,OMAHA EPPLEY AIRFIELD,NE,DOUGLAS,59,71,41.3102,-95.8991,true,false
2016-08-25 00:48:00 UTC,1472086080,03997,LAWRENCE MUNICIPAL AP,KS,DOUGLAS,71,92,39.0078,-95.2117,true,false
2016-08-25 01:23:00 UTC,1472088180,03997,LAWRENCE MUNICIPAL AP,KS,DOUGLAS,68,91,39.0078,-95.2117,true,false
2016-08-27 04:43:00 UTC,1472272980,23179,NEEDLES AP,CA,SAN BERNARDINO,50,75,34.7675,-114.6188,true,false
2016-08-27 05:40:00 UTC,1472276400,23179,NEEDLES AP,CA,SAN BERNARDINO,66,115,34.7675,-114.6188,true,false
2016-08-27 06:08:00 UTC,1472278080,23179,NEEDLES AP,CA,SAN BERNARDINO,61,102,34.7675,-114.6188,false,false
2016-08-27 07:42:00 UTC,1472283720,23179,NEEDLES AP,CA,SAN BERNARDINO,70,85,34.7675,-114.6188,false,false
2016-08-27 18:43:00 UTC,1472323380,23179,NEEDLES AP,CA,SAN BERNARDINO,39,80,34.7675,-114.6188,false,false
2016-11-19 00:11:00 UTC,1479514260,14833,JACKSON REYNOLDS FIELD,MI,JACKSON,39,69,42.2667,-84.4667,true,false
2017-01-21 23:25:00 UTC,1485041100,23055,PINE SPRINGS GUADALUPE MOUNTAINS NP,TX,CULBERSON,54,71,31.8327,-104.809,false,false
2017-01-22 07:14:00 UTC,1485069240,13876,BIRMINGHAM AP,AL,JEFFERSON,44,65,33.5656,-86.745,true,false
2017-03-01 11:13:00 UTC,1488366780,03816,PADUCAH BARKLEY REGIONAL AP,KY,MCCRACKEN,33,66,37.0563,-88.7744,true,false
2017-03-01 18:40:00 UTC,1488393600,13773,QUANTICO MCAS,VA,STAFFORD,36,68,38.5036,-77.305,true,false
2017-03-24 07:03:00 UTC,1490338980,93058,PUEBLO MEMORIAL AP,CO,PUEBLO,50,65,38.2901,-104.4983,false,false
2017-04-28 22:07:00 UTC,1493417220,13809,LAWRENCEVILLE VINCENNES INTL AP,IL,LAWRENCE,49,74,38.7642,-87.6056,true,false
2017-04-29 09:09:00 UTC,1493456940,93986,HOBART MUNICIPAL AP,OK,KIOWA,47,67,34.9894,-99.0525,true,false
2017-06-14 09:59:00 UTC,1497434340,94949,HASTINGS MUNICIPAL AP,NE,ADAMS,81,99,40.6005,-98.4258,false,false
2017-06-14 10:03:00 UTC,1497434580,94949,HASTINGS MUNICIPAL AP,NE,ADAMS,84,120,40.6005,-98.4258,false,false
2017-06-17 01:37:00 UTC,1497663420,14939,LINCOLN AIRPORT,NE,LANCASTER,55,76,40.8508,-96.7475,true,false
2017-06-17 02:48:00 UTC,1497667680,94910,WATERLOO MUNICIPAL AP,IA,BLACK HAWK,40,65,42.5544,-92.4011,false,false
2017-06-17 03:47:00 UTC,1497671220,13993,ST JOSEPH ROSECRANS MEMORIAL AP,MO,BUCHANAN,34,66,39.7736,-94.9233,true,false
2017-06-24 00:56:00 UTC,1498265760,23034,SAN ANGELO MATHIS FIELD AP,TX,TOM GREEN,55,68,31.3516,-100.495,true,false
2017-06-24 01:07:00 UTC,1498266420,23034,SAN ANGELO MATHIS FIELD AP,TX,TOM GREEN,49,67,31.3516,-100.495,true,false
2017-06-27 23:15:00 UTC,1498605300,24022,LARAMIE AP,WY,ALBANY,49,78,41.3167,-105.6833,true,false
2017-06-27 23:41:00 UTC,1498606860,24090,RAPID CITY REGIONAL AP,SD,PENNINGTON,47,65,44.0433,-103.0536,true,false
2017-06-28 01:19:00 UTC,1498612740,24028,SCOTTSBLUFF W B HEILIG FIELD AP,NE,SCOTTS BLUFF,43,68,41.8705,-103.593,true,false
2017-07-12 00:45:00 UTC,1499820300,14946,WATERTOWN REGIONAL AP,SD,CODINGTON,41,65,44.9047,-97.1494,false,false
2017-07-12 04:55:00 UTC,1499835300,14946,WATERTOWN REGIONAL AP,SD,CODINGTON,62,68,44.9047,-97.1494,true,false
2017-07-12 05:08:00 UTC,1499836080,14946,WATERTOWN REGIONAL AP,SD,CODINGTON,58,70,44.9047,-97.1494,false,false
2017-07-12 05:41:00 UTC,1499838060,94908,DUBUQUE REGIONAL AP,IA,DUBUQUE,40,65,42.3978,-90.7036,true,false
2017-07-27 23:59:00 UTC,1501199940,24044,ALLIANCE MUNICIPAL AIRPORT ASOS,NE,BOX BUTTE,52,68,42.0573,-102.8017,true,false
2017-08-03 00:40:00 UTC,1501720800,24091,IMPERIAL MUNICIPAL AP,NE,CHASE,44,66,40.51,-101.62,true,false
2017-09-10 18:00:00 UTC,1505066400,12897,NAPLES MUNICIPAL AP,FL,COLLIER,46,71,26.155,-81.7752,false,false
2017-10-07 03:07:00 UTC,1507345620,03957,MEDICINE LODGE,KS,BARBER,40,67,37.2839,-98.5528,true,false
2018-01-22 14:50:00 UTC,1516632600,14941,NORFOLK KARL STEFAN MEMORIAL AP,NE,MADISON,29,66,41.9855,-97.4352,false,false
2018-04-14 07:15:00 UTC,1523690100,12935,PALACIOS MUNICIPAL AP,TX,MATAGORDA,44,65,28.7247,-96.2536,true,false
2018-05-11 03:38:00 UTC,1526009880,24032,VALENTINE MILLER FIELD,NE,CHERRY,49,67,42.8783,-100.55,true,false
2018-05-14 23:32:00 UTC,1526340720,23007,CHILDRESS MUNICIPAL AP,TX,CHILDRESS,49,65,34.4272,-100.2831,true,false
2018-05-27 23:37:00 UTC,1527464220,24048,GREYBULL SOUTH BIG HORN COUNTY AP,WY,BIG HORN,53,65,44.5169,-108.0822,true,false
2018-06-07 05:48:00 UTC,1528350480,23064,GARDEN CITY REGIONAL AP,KS,FINNEY,41,70,37.9272,-100.7247,true,false
2018-06-09 06:54:00 UTC,1528527240,14935,GRAND ISLAND CENTRAL NE REGIONAL AP,NE,HALL,37,65,40.9611,-98.3136,true,false
2018-06-09 20:52:00 UTC,1528577520,14940,MASON CITY MUNICIPAL AP,IA,CERRO GORDO,36,72,43.1544,-93.3269,true,false
2018-06-21 03:14:00 UTC,1529550840,13920,TOPEKA FORBES FIELD,KS,SHAWNEE,48,68,38.9503,-95.6639,true,false
2018-06-23 00:02:00 UTC,1529712120,13985,DODGE CITY REGIONAL AP,KS,FORD,45,69,37.7686,-99.9678,true,false
2018-06-25 04:26:00 UTC,1529900760,13975,GAGE AIRPORT,OK,ELLIS,51,65,36.2967,-99.7689,true,false
2018-06-28 14:36:00 UTC,1530196560,94978,TEKAMAH MUNICIPAL AP,NE,BURT,49,66,41.7636,-96.1778,true,false
2018-06-29 09:12:00 UTC,1530263520,14916,GRAND FORKS INTL AP,ND,GRAND FORKS,40,66,47.9428,-97.1839,true,false
2018-07-02 23:21:00 UTC,1530573660,03013,LAMAR MUNICIPAL AP,CO,PROWERS,41,67,38.07,-102.6881,false,false
2018-07-04 01:36:00 UTC,1530668160,94051,JORDAN AP,MT,GARFIELD,50,82,47.3259,-106.9487,true,false
2018-07-14 01:20:00 UTC,1531531200,23044,EL PASO INTL AP,TX,EL PASO,53,71,31.8111,-106.3758,true,false
2018-07-17 03:05:00 UTC,1531796700,04134,GRANITE PEAK DUGWAY PROVING GROUND,UT,TOOELE,40,66,40.1604,-113.3506,false,false
2018-07-19 20:30:00 UTC,1532032200,13920,TOPEKA FORBES FIELD,KS,SHAWNEE,46,68,38.9503,-95.6639,true,false
2018-07-23 23:50:00 UTC,1532389800,93058,PUEBLO MEMORIAL AP,CO,PUEBLO,35,68,38.2901,-104.4983,true,false
2018-07-26 02:50:00 UTC,1532573400,23064,GARDEN CITY REGIONAL AP,KS,FINNEY,46,65,37.9272,-100.7247,true,false
2018-07-27 01:23:00 UTC,1532654580,24048,GREYBULL SOUTH BIG HORN COUNTY AP,WY,BIG HORN,45,69,44.5169,-108.0822,true,false
2018-07-29 03:49:00 UTC,1532836140,14935,GRAND ISLAND CENTRAL NE REGIONAL AP,NE,HALL,47,77,40.9611,-98.3136,true,false
2018-08-04 03:17:00 UTC,1533352620,94037,BUFFALO (ASOS),SD,HARDING,51,70,45.6043,-103.547,true,false
2018-08-09 22:28:00 UTC,1533853680,23081,GALLUP MUNICIPAL AP,NM,MCKINLEY,41,65,35.5144,-108.794,true,false
2018-08-21 00:38:00 UTC,1534811880,13942,MONROE REGIONAL AP,LA,OUACHITA,35,66,32.5155,-92.0405,true,false
2018-08-25 05:38:00 UTC,1535175480,13986,HUTCHINSON MUNICIPAL AP,KS,RENO,41,69,38.0653,-97.8606,true,false
2018-08-28 23:30:00 UTC,1535499000,14937,IOWA CITY MUNICIPAL AP,IA,JOHNSON,44,73,41.6328,-91.5431,true,false
2018-09-20 22:32:00 UTC,1537482720,94971,ESTHERVILLE MUNICIPAL AP,IA,EMMET,41,65,43.4011,-94.7472,true,false
2018-10-10 18:00:00 UTC,1539194400,73805,NORTHWEST FLORIDA BEACHES INTL AP,FL,BAY,49,69,30.349,-85.788,false,false
2019-05-05 22:46:00 UTC,1557096360,14939,LINCOLN AIRPORT,NE,LANCASTER,45,76,40.8508,-96.7475,true,false
2019-05-18 03:07:00 UTC,1558148820,93997,RUSSELL MUNICIPAL AP,KS,RUSSELL,37,66,38.8761,-98.8092,true,false
2019-05-18 16:51:00 UTC,1558198260,13989,EMPORIA ASOS,KS,LYON,48,75,38.3291,-96.1946,true,false
2019-05-20 23:47:00 UTC,1558396020,03932,CLINTON-SHERMAN AIRPORT,OK,WASHITA,37,67,35.3568,-99.2042,true,false
2019-05-25 00:16:00 UTC,1558743360,93986,HOBART MUNICIPAL AP,OK,KIOWA,47,66,34.9894,-99.0525,true,false
2019-05-26 22:33:00 UTC,1558909980,03027,CLINES CORNERS,NM,TORRANCE,42,69,35.003,-105.6628,true,false
2019-05-26 23:12:00 UTC,1558912320,23061,ALAMOSA SAN LUIS VALLEY REGIONAL AP,CO,ALAMOSA,33,70,37.4389,-105.8613,false,false
2019-05-27 06:30:00 UTC,1558938600,03919,SALINA MUNICIPAL AP,KS,SALINE,46,66,38.8,-97.65,true,false
2019-06-07 00:34:00 UTC,1559867640,12928,KINGSVILLE NAAS,TX,KLEBERG,52,67,27.5,-97.8167,true,false
2019-06-08 18:35:00 UTC,1560018900,12844,WEST PALM BEACH INTERNATIONAL AP,FL,PALM BEACH,37,71,26.6847,-80.0994,true,false
2019-06-08 19:08:00 UTC,1560020880,14914,FARGO HECTOR INTL AP,ND,CASS,47,65,46.9253,-96.8111,true,false
2019-06-16 00:57:00 UTC,1560646620,23007,CHILDRESS MUNICIPAL AP,TX,CHILDRESS,54,70,34.4272,-100.2831,true,false
2019-06-25 06:35:00 UTC,1561444500,94958,ORD EVELYN SHARP FIELD,NE,VALLEY,45,65,41.6233,-98.9483,true,false
2019-06-29 18:02:00 UTC,1561831320,14914,FARGO HECTOR INTL AP,ND,CASS,47,70,46.9253,-96.8111,true,false
2019-07-01 03:41:00 UTC,1561952460,14992,REDWOOD FALLS MUNICIPAL AIRPORT,MN,REDWOOD,33,68,44.5483,-95.0804,false,false
2019-07-05 04:45:00 UTC,1562301900,24024,PHILIP AIRPORT,SD,HAAKON,43,69,44.0511,-101.6011,true,false
2019-07-10 21:44:00 UTC,1562795040,23042,LUBBOCK INTL AP,TX,LUBBOCK,49,68,33.6656,-101.8231,true,false
2019-07-13 23:38:00 UTC,1563061080,14936,HURON REGIONAL AP,SD,BEADLE,48,66,44.3981,-98.2231,true,false
2019-07-14 22:28:00 UTC,1563143280,94870,CHAMPAIGN URBANA WILLARD AP,IL,CHAMPAIGN,43,66,40.0397,-88.2778,true,false
2019-07-15 06:02:00 UTC,1563170520,24012,DICKINSON THEODORE ROOSEVELT REGIONAL AIRPORT,ND,STARK,41,67,46.7994,-102.7972,true,false
2019-07-19 13:47:00 UTC,1563544020,14929,ABERDEEN REGIONAL AP,SD,BROWN,48,68,45.4433,-98.413,true,false
2019-07-22 01:58:00 UTC,1563760680,03998,PARSONS TRI CITY AP,KS,LABETTE,37,67,37.3278,-95.5042,true,false
2019-07-22 21:04:00 UTC,1563829440,13781,WILMINGTON NEW CASTLE CO AP,DE,NEW CASTLE,45,68,39.6744,-75.6057,true,false
2019-07-30 23:34:00 UTC,1564529640,53912,CORSICANA CAMPBELL FIELD,TX,NAVARRO,36,65,32.0311,-96.3989,false,false
2019-08-07 07:49:00 UTC,1565164140,14935,GRAND ISLAND CENTRAL NE REGIONAL AP,NE,HALL,44,65,40.9611,-98.3136,true,false
2019-08-11 00:10:00 UTC,1565482200,93058,PUEBLO MEMORIAL AP,CO,PUEBLO,45,66,38.2901,-104.4983,true,false
2019-08-16 07:31:00 UTC,1565940660,24044,ALLIANCE MUNICIPAL AIRPORT ASOS,NE,BOX BUTTE,49,67,42.0573,-102.8017,true,false
2019-08-23 07:59:00 UTC,1566547140,94949,HASTINGS MUNICIPAL AP,NE,ADAMS,47,66,40.6005,-98.4258,true,false
2019-08-26 04:18:00 UTC,1566793080,94039,PINE RIDGE AIRPORT,SD,SHANNON,51,75,43.0206,-102.5183,true,false
2019-08-30 01:42:00 UTC,1567129320,93990,HILL CITY MUNICIPAL AP,KS,GRAHAM,44,67,39.3756,-99.8297,true,false
2019-09-10 23:22:00 UTC,1568157720,24032,VALENTINE MILLER FIELD,NE,CHERRY,49,71,42.8783,-100.55,true,false
2019-09-22 01:24:00 UTC,1569115440,93997,RUSSELL MUNICIPAL AP,KS,RUSSELL,38,65,38.8761,-98.8092,true,false
2019-10-21 04:36:00 UTC,1571632560,93985,MINERAL WELLS AP,TX,PALO PINTO,34,65,32.7816,-98.0602,true,false
2020-02-07 03:23:00 UTC,1581045780,93837,JACKSONVILLE NAS,FL,DUVAL,40,66,30.2333,-81.6667,true,false
2020-04-08 05:06:00 UTC,1586322360,94823,PITTSBURGH ASOS,PA,ALLEGHENY,52,65,40.4846,-80.2144,true,false
2020-04-28 01:35:00 UTC,1588037700,22010,DEL RIO INTERNATIONAL AP,TX,VAL VERDE,43,67,29.3784,-100.927,true,false
2020-05-08 00:25:00 UTC,1588897500,13962,ABILENE REGIONAL AP,TX,TAYLOR,42,68,32.4105,-99.6822,false,false
2020-05-10 17:37:00 UTC,1589132220,14827,FORT WAYNE INTL AP,IN,ALLEN,36,67,40.9705,-85.2063,true,false
2020-05-24 00:39:00 UTC,1590280740,24030,SIDNEY MUNICIPAL AP,NE,CHEYENNE,30,65,41.0993,-102.9863,true,false
2020-05-24 04:30:00 UTC,1590294600,94946,BROKEN BOW MUNICIPAL AP,NE,CUSTER,33,75,41.4333,-99.6333,true,false
2020-06-03 15:35:00 UTC,1591198500,14712,READING REGIONAL AIRPORT,PA,BERKS,44,72,40.3734,-75.9592,true,false
2020-06-05 00:03:00 UTC,1591315380,14929,ABERDEEN REGIONAL AP,SD,BROWN,42,70,45.4433,-98.413,true,false
2020-06-05 02:20:00 UTC,1591323600,23042,LUBBOCK INTL AP,TX,LUBBOCK,48,67,33.6656,-101.8231,true,false
2020-06-06 22:01:00 UTC,1591480860,03017,DENVER INTL AP,CO,DENVER,41,68,39.8328,-104.6575,true,false
2020-06-06 22:55:00 UTC,1591484100,93067,DENVER CENTENNIAL AP,CO,ARAPAHOE,39,66,39.5703,-104.8489,true,false
2020-06-07 00:37:00 UTC,1591490220,24017,CHADRON MUNICIPAL AP,NE,DAWES,36,65,42.8374,-103.0981,true,false
2020-06-07 00:55:00 UTC,1591491300,24015,AKRON WASHINGTON COUNTY AP,CO,WASHINGTON,46,66,40.1667,-103.2167,true,false
2020-06-07 01:33:00 UTC,1591493580,94037,BUFFALO (ASOS),SD,HARDING,48,68,45.6043,-103.547,true,false
2020-06-07 02:25:00 UTC,1591496700,94056,FAITH MUNICIPAL AP,SD,MEADE,40,65,45.0326,-102.02,true,false
2020-06-29 01:29:00 UTC,1593394140,94056,FAITH MUNICIPAL AP,SD,MEADE,48,71,45.0326,-102.02,true,false
2020-07-03 00:59:00 UTC,1593737940,93990,HILL CITY MUNICIPAL AP,KS,GRAHAM,54,68,39.3756,-99.8297,true,false
2020-07-03 01:01:00 UTC,1593738060,93990,HILL CITY MUNICIPAL AP,KS,GRAHAM,47,65,39.3756,-99.8297,true,false
2020-07-08 01:11:00 UTC,1594170660,24037,MILES CITY AIRPORT,MT,CUSTER,43,65,46.4266,-105.8825,true,false
2020-07-08 23:07:00 UTC,1594249620,24030,SIDNEY MUNICIPAL AP,NE,CHEYENNE,46,82,41.0993,-102.9863,true,false
2020-07-10 05:24:00 UTC,1594358640,24023,NORTH PLATTE REGIONAL AP,NE,LINCOLN,51,76,41.1213,-100.6694,true,false
2020-07-10 21:40:00 UTC,1594417200,94946,BROKEN BOW MUNICIPAL AP,NE,CUSTER,46,65,41.4333,-99.6333,true,false
2020-07-12 00:12:00 UTC,1594512720,14923,MOLINE QUAD CITY INTL AP,IL,ROCK ISLAND,39,70,41.4653,-90.5233,true,false
2020-07-14 01:42:00 UTC,1594690920,24023,NORTH PLATTE REGIONAL AP,NE,LINCOLN,53,76,41.1213,-100.6694,true,false
2020-07-14 03:25:00 UTC,1594697100,94040,MCCOOK MUNICIPAL AP,NE,RED WILLOW,52,69,40.2064,-100.5914,true,false
2020-07-18 05:26:00 UTC,1595049960,14946,WATERTOWN REGIONAL AP,SD,CODINGTON,40,66,44.9047,-97.1494,true,false
2020-07-20 17:14:00 UTC,1595265240,94056,FAITH MUNICIPAL AP,SD,MEADE,58,73,45.0326,-102.02,true,false
2020-08-03 01:07:00 UTC,1596416820,12912,VICTORIA REGIONAL AP,TX,VICTORIA,41,66,28.8614,-96.9303,true,false
2020-08-04 00:55:00 UTC,1596502500,24150,LIVINGSTON AIRPORT,MT,PARK,46,66,45.6983,-110.4408,true,false
2020-08-08 23:57:00 UTC,1596931020,24017,CHADRON MUNICIPAL AP,NE,DAWES,46,72,42.8374,-103.0981,true,false
2020-08-10 15:59:00 UTC,1597075140,14933,DES MOINES INTL AP,IA,POLK,43,65,41.5338,-93.653,true,false
2020-08-10 18:48:00 UTC,1597085280,14923,MOLINE QUAD CITY INTL AP,IL,ROCK ISLAND,47,69,41.4653,-90.5233,true,false
2020-08-22 07:01:00 UTC,1598079660,23034,SAN ANGELO MATHIS FIELD AP,TX,TOM GREEN,43,75,31.3516,-100.495,true,false
2020-08-27 06:00:00 UTC,1598508000,03937,LAKE CHARLES REGIONAL AP,LA,CALCASIEU,57,75,30.1247,-93.2283,false,false
2020-08-28 05:58:00 UTC,1598594280,14936,HURON REGIONAL AP,SD,BEADLE,37,73,44.3981,-98.2231,true,false
2020-08-29 20:23:00 UTC,1598732580,23052,RATON MUNICIPAL CREWS FIELD AP,NM,COLFAX,46,68,36.7414,-104.5022,true,false
2020-10-12 02:35:00 UTC,1602470100,14939,LINCOLN AIRPORT,NE,LANCASTER,37,66,40.8508,-96.7475,true,false
2020-11-10 22:51:00 UTC,1605048660,14839,MILWAUKEE MITCHELL AIRPORT,WI,MILWAUKEE,33,69,42.9549,-87.9046,true,false
2021-01-14 01:29:00 UTC,1610587740,94057,CONVERSE COUNTY AIRPORT ASOS,WY,CONVERSE,47,71,42.7961,-105.3803,false,false
2021-05-02 22:55:00 UTC,1619996100,03013,LAMAR MUNICIPAL AP,CO,PROWERS,52,80,38.0718,-102.6875,true,false
2021-05-22 03:16:00 UTC,1621653360,23048,TUCUMCARI MUNICIPAL AP,NM,QUAY,41,70,35.1822,-103.6031,true,false
2021-05-29 02:33:00 UTC,1622255580,12921,SAN ANTONIO INTL AP,TX,BEXAR,39,67,29.5443,-98.4839,true,false
2021-06-11 03:56:00 UTC,1623383760,94099,WILLISTON AIRPORT,ND,WILLIAMS,43,71,48.2539,-103.7467,true,false
2021-06-11 04:24:00 UTC,1623385440,94099,WILLISTON AIRPORT,ND,WILLIAMS,53,81,48.2539,-103.7467,true,false
2021-06-11 04:33:00 UTC,1623385980,24012,DICKINSON THEODORE ROOSEVELT REGIONAL AIRPORT,ND,STARK,46,68,46.7994,-102.7972,true,false
2021-06-11 05:09:00 UTC,1623388140,94099,WILLISTON AIRPORT,ND,WILLIAMS,43,65,48.2539,-103.7467,false,false
2021-06-19 21:51:00 UTC,1624139460,93010,LIMON,CO,LINCOLN,40,71,39.275,-103.666,true,false
2021-06-19 22:28:00 UTC,1624141680,03966,ST LOUIS SPIRIT OF ST LOUIS AP,MO,ST. LOUIS,51,67,38.6572,-90.6558,true,false
2021-06-20 02:23:00 UTC,1624155780,93990,HILL CITY MUNICIPAL AP,KS,GRAHAM,34,69,39.3756,-99.8297,true,false
2021-06-25 08:44:00 UTC,1624610640,13920,TOPEKA FORBES FIELD,KS,SHAWNEE,30,67,38.9503,-95.6639,true,false
2021-07-10 03:30:00 UTC,1625887800,14935,GRAND ISLAND CENTRAL NE REGIONAL AP,NE,HALL,56,73,40.9611,-98.3136,true,false
2021-07-10 04:07:00 UTC,1625890020,24044,ALLIANCE MUNICIPAL AIRPORT ASOS,NE,BOX BUTTE,57,76,42.0573,-102.8017,true,false
2021-07-10 05:20:00 UTC,1625894400,14942,OMAHA EPPLEY AIRFIELD,NE,DOUGLAS,54,83,41.3102,-95.8991,true,false
2021-07-10 06:36:00 UTC,1625898960,94957,FALLS CITY BRENNER FIELD,NE,RICHARDSON,39,67,40.0803,-95.5919,true,false
2021-07-11 00:21:00 UTC,1625962860,53146,FT HUACHUCA PIONEER AIRFIELD,AZ,COCHISE,57,79,31.6072,-110.4281,true,false
2021-07-11 23:20:00 UTC,1626045600,23184,PRESCOTT LOVE FIELD,AZ,YAVAPAI,47,77,34.6517,-112.4208,true,false
2021-07-13 13:45:00 UTC,1626183900,93167,KINGMAN AIRPORT,AZ,MOHAVE,50,73,35.2577,-113.933,true,false
2021-08-06 23:40:00 UTC,1628293200,24017,CHADRON MUNICIPAL AP,NE,DAWES,34,65,42.8374,-103.0981,false,false
2021-08-12 22:14:00 UTC,1628806440,53879,LEES SUMMIT MUNICIPAL AP,MO,JACKSON,41,68,38.9597,-94.3714,true,false
2021-08-15 17:57:00 UTC,1629050220,24021,LANDER AIRPORT,WY,FREMONT,41,69,42.8154,-108.7261,true,false
2021-08-17 22:45:00 UTC,1629240300,04134,GRANITE PEAK DUGWAY PROVING GROUND,UT,TOOELE,53,71,40.1604,-113.3506,true,false
2021-08-26 14:59:00 UTC,1629989940,14946,WATERTOWN REGIONAL AP,SD,CODINGTON,47,65,44.9045,-97.1496,true,false
2021-08-26 22:40:00 UTC,1630017600,03026,BURLINGTON CARSON AP,CO,KIT CARSON,35,66,39.2447,-102.2842,true,false
2021-08-29 03:42:00 UTC,1630208520,14972,SPENCER MUNICIPAL AP,IA,CLAY,49,65,43.1644,-95.2017,true,false
2021-09-11 23:20:00 UTC,1631402400,94050,MEEKER AIRPORT,CO,RIO BLANCO,36,65,40.0442,-107.8886,true,false
2021-10-13 00:25:00 UTC,1634084700,03932,CLINTON-SHERMAN AIRPORT,OK,WASHITA,49,67,35.3568,-99.2042,true,false
2021-10-27 07:48:00 UTC,1635320880,03991,DENTON MUNICPAL AP,TX,DENTON,41,74,33.2061,-97.1989,true,false
2021-12-15 10:34:00 UTC,1639564440,23081,GALLUP MUNICIPAL AP,NM,MCKINLEY,52,88,35.5086,-108.7932,true,false
2021-12-15 19:24:00 UTC,1639596240,93997,RUSSELL MUNICIPAL AP,KS,RUSSELL,48,74,38.8725,-98.8093,true,false
2021-12-15 20:10:00 UTC,1639599000,14935,GRAND ISLAND CENTRAL NE REGIONAL AP,NE,HALL,36,74,40.9615,-98.313,true,false
2021-12-15 20:32:00 UTC,1639600320,93997,RUSSELL MUNICIPAL AP,KS,RUSSELL,50,74,38.8725,-98.8093,true,false
2021-12-15 20:33:00 UTC,1639600380,13984,CONCORDIA ASOS,KS,CLOUD,41,65,39.5513,-97.6508,true,false
2021-12-15 20:50:00 UTC,1639601400,03919,SALINA MUNICIPAL AP,KS,SALINE,50,71,38.78,-97.6444,true,false
2021-12-15 21:19:00 UTC,1639603140,03936,MANHATTAN ASOS,KS,RILEY,35,66,39.1346,-96.6789,true,false
2021-12-15 21:29:00 UTC,1639603740,14939,LINCOLN AIRPORT,NE,LANCASTER,45,81,40.8478,-96.7647,true,false
2021-12-15 22:23:00 UTC,1639606980,14943,SIOUX CITY AP,IA,WOODBURY,36,71,42.3917,-96.3795,true,false
2021-12-15 22:34:00 UTC,1639607640,13986,HUTCHINSON MUNICIPAL AP,KS,RENO,50,73,38.0682,-97.8608,false,false
2021-12-16 00:09:00 UTC,1639613340,13988,KANSAS CITY DOWNTOWN AP,MO,CLAY,39,67,39.1279,-94.5892,true,false
2021-12-16 00:50:00 UTC,1639615800,14940,MASON CITY MUNICIPAL AP,IA,CERRO GORDO,47,72,43.1544,-93.3261,true,false
2021-12-16 01:45:00 UTC,1639619100,14925,ROCHESTER INTERNATIONAL AIRPORT,MN,OLMSTED,35,67,43.904,-92.4921,true,false
2021-12-16 01:53:00 UTC,1639619580,14950,OTTUMWA INDUSTRIAL AP,IA,WAPELLO,46,71,41.1008,-92.4445,true,false
2021-12-16 04:15:00 UTC,1639628100,04826,WISCONSIN RAPIDS ALEXANDER FIELD,WI,WOOD,42,65,44.359,-89.837,true,false
